[
    {
        "type": "TextBox",
        "id": "firstname",
        "label": "First Name",
        "name": "firstname",
        "isRequired": true
    },
    {
        "type": "TextBox",
        "id": "lastname",
        "label": "Last Name",
        "name": "data[0]",
        "isRequired": true
    },
    {
        "type": "TextBox",
        "id": "job_title",
        "label": "Job Title",
        "name": "data[1]",
        "isRequired": true
    },
    {
        "type": "email",
        "id": "email",
        "label": "Work Email",
        "name": "data[2]",
        "isRequired": true
    },
    {
        "type": "number",
        "id": "phone",
        "label": "Work Phone",
        "name": "data[3]",
        "isRequired": true
    },
    {
        "type": "TextBox",
        "id": "company",
        "label": "Company Name",
        "name": "data[4]",
        "isRequired": true
    }
]